Workbook

Sheet פירוט מאורות 01.26
A1: מ.ז | B1: מספר ספק כולל | C1: מספר ספק מאורות | D1: שם | E1: תאור | F1: סכום | G1: מסגרת | H1: קבוע / לא קבוע | I1: תאריך סיום | J1: טופס | K1: הערות | L1: קטגוריה | M1: בנק | N1: סניף | O1: חשבון
A2: 326139953 | B2: 202446 | D2: אביגדור בינט | E2: תמיכות | F2: 1000 | G2: מ | H2: קבוע
A3: 201582716 | B3: 200083 | C3: =VLOOKUP(A:A,'אלפון בלבד'!D:E,2,0) -> 200129 | D3: אורלנציק דוד | E3: שער התפלה | F3: 3200 | G3: מ | H3: קבוע
A4: 304892110 | B4: 202346 | D4: אלחנן איזנבלט | E4: תמיכות | F4: 3600 | G4: מ | H4: קבוע | L4: חל
A5: 39277199 | B5: 202303 | D5: אפרים עקשטין | E5: תמיכות | F5: 1000 | G5: מ | H5: קבוע
A6: 208816017 | B6: 202373 | C6: =VLOOKUP(A:A,'אלפון בלבד'!D:E,2,0) -> 202373 | D6: אריה פדר | E6: תמיכות | F6: 1500 | G6: מ | H6: קבוע
A7: 25669284 | B7: 200337 | D7: ברקוביץ יהושע | E7: רבנים | F7: 3500 | G7: מ | H7: קבוע
A8: 32168700 | B8: 200122 | D8: ברקוביץ יצחק | E8: רבנים | F8: 3500 | G8: מ | H8: קבוע
A9: 314794488 | B9: 202024 | D9: גוטמן שלמה | E9: רבנים | F9: 3500 | G9: מ | H9: קבוע
A10: 50698794 | B10: 202396 | C10: =VLOOKUP(A:A,'אלפון בלבד'!D:E,2,0) -> 200319 | D10: גולדשטיין ישראל | E10: תמיכות | F10: 1900 | G10: מ | H10: קבוע
A11: 59218016 | B11: 200215 | C11: =VLOOKUP(A:A,'אלפון בלבד'!D:E,2,0) -> 200012 | D11: גלבשטיין זאב | E11: שער התפלה | F11: 1900 | G11: מ | H11: קבוע
A12: 48529265 | B12: 200098 | D12: הרבי | E12: תמיכות | F12: 3200 | G12: מ | H12: קבוע
A13: 55440127 | B13: 200099 | D13: הרבנית | E13: תמיכות | F13: 3200 | G13: מ | H13: קבוע
A14: 305475071 | B14: 200818 | C14: =VLOOKUP(A:A,'אלפון בלבד'!D:E,2,0) -> 200056 | D14: הרש משה | E14: שער התפלה | F14: 3000 | G14: מ | H14: קבוע
A15: 23692627 | B15: 200207 | D15: ויטריאל דב | E15: רבנים | F15: 1000 | G15: מ | H15: קבוע
A16: 205873839 | B16: 202042 | C16: =VLOOKUP(A:A,'אלפון בלבד'!D:E,2,0) -> 202042 | D16: וייס מנחם מנדל | E16: תמיכות | F16: 1000 | G16: מ | H16: קבוע
A17: 308098375 | B17: 200788 | D17: וייץ משה | E17: רבנים | F17: 3500 | G17: מ | H17: קבוע | L17: אשדוד
A18: 212816946 | B18: 202150 | C18: =VLOOKUP(A:A,'אלפון בלבד'!D:E,2,0) -> 200275 | D18: חיים ייגר | E18: שער התפלה | F18: 3500 | G18: מ | H18: קבוע
A19: 59814558 | B19: 200891 | C19: =VLOOKUP(A:A,'אלפון בלבד'!D:E,2,0) -> 200891 | D19: טויסיג בת שבע | E19: תמיכות | F19: 700 | G19: מ | H19: קבוע
A20: 211725650 | B20: 202272 | D20: יהושוע אולמן | E20: תמיכות | F20: 2000 | G20: מ | H20: קבוע
A21: 305584047 | B21: 201090 | D21: יפה צבי | E21: רבנים | F21: 3500 | G21: מ | H21: קבוע | L21: אשדוד
A22: 311600746 | B22: 201408 | D22: ישראל פרידמן | E22: רבנים | F22: 3500 | G22: מ | H22: קבוע | L22: אשדוד
A23: 38125431 | B23: 200130 | D23: מ. החינוך-קובלסקי אשר | E23: שער התפלה | F23: 3500 | G23: מ | H23: קבוע
A24: 305471310 | B24: 200786 | D24: מושקוביץ דניאל זלמן | E24: רבנים | F24: 3500 | G24: מ | H24: קבוע | L24: אשדוד
A25: 200956696 | B25: 202451 | D25: מנחם אליהו רייזנר | E25: תמיכות | F25: 1000 | G25: מ | H25: קבוע
A26: 300665379 | B26: 202486 | C26: =VLOOKUP(A:A,'אלפון בלבד'!D:E,2,0) -> 200334 | D26: מרדכי אודסר | E26: שער התפלה | F26: 3500 | G26: מ | H26: קבוע
A27: 203209986 | B27: 202032 | D27: נוימן יצחק | E27: תמיכות | F27: 1500 | G27: מ | H27: קבוע
A28: 24248775 | B28: 201143 | C28: =VLOOKUP(A:A,'אלפון בלבד'!D:E,2,0) -> 201143 | D28: סגל אברהם יצחק | E28: רבנים | F28: 3500 | G28: מ | H28: קבוע | L28: אשדוד
A29: 300247319 | B29: 202420 | C29: =VLOOKUP(A:A,'אלפון בלבד'!D:E,2,0) -> 200136 | D29: סירקיס חיה רחל | E29: תמיכות | F29: 3500 | G29: מ | H29: קבוע
A30: 39713581 | B30: 200094 | D30: קובלסקי דב | E30: רבנים | F30: 2000 | G30: מ | H30: קבוע
A31: 322716234 | B31: 201906 | C31: =VLOOKUP(A:A,'אלפון בלבד'!D:E,2,0) -> 201906 | D31: קובלסקי יחזקאל | E31: שער התפלה | F31: 3500 | G31: מ | H31: קבוע
A32: 314779588 | B32: 202011 | C32: =VLOOKUP(A:A,'אלפון בלבד'!D:E,2,0) -> 202011 | D32: קלין מנדי | E32: תמיכות | F32: 1200 | G32: מ | H32: קבוע
A33: 301027686 | B33: 202289 | D33: קמינר חנוך | E33: תמיכות | F33: 3600 | G33: מ | H33: קבוע
A34: 204620793 | B34: 201239 | D34: שמעון סופר | E34: תמיכות | F34: 1800 | G34: מ | H34: קבוע
A35: 35793579 | B35: 202488 | C35: =VLOOKUP(A:A,'אלפון בלבד'!D:E,2,0) -> 200257 | D35: שמשון גרינולד | E35: שער התפלה | F35: 3500 | G35: מ | H35: קבוע
A36: 206582447 | B36: 201866 | C36: =VLOOKUP(A:A,'אלפון בלבד'!D:E,2,0) -> 200128 | D36: שפר שמעון | E36: רבנים | F36: 3500 | G36: מ | H36: קבוע | L36: אשדוד
A37: 59178939 | B37: 200093 | D37: איזנשטיין אהרון זאב | E37: רבנים | F37: 3000 | G37: מ | H37: קבוע
A38: 323945436 | B38: 202225 | D38: ישראל קלין | E38: תמיכות | F38: 2000 | G38: מ | H38: קבוע | L38: מרדכי
A39: 52819844 | B39: 200912 | C39: =VLOOKUP(A:A,'אלפון בלבד'!D:E,2,0) -> 200281 | D39: כהן אהרן | E39: שער התפלה | F39: 1800 | G39: מ-נ | H39: קבוע | L39: הוצאות שכ"ל נדבורנא
A40: 23826563 | B40: 200085 | C40: =VLOOKUP(A:A,'אלפון בלבד'!D:E,2,0) -> 200341 | D40: לנדמן פנחס משה | E40: רבנים | F40: 1800 | G40: מ | H40: קבוע
A41: 203427703 | B41: 200590 | D41: אורלנציק ברוך | E41: תמיכות | F41: 1300 | G41: נ | H41: קבוע
A42: 303141675 | B42: 200118 | C42: =VLOOKUP(A:A,'אלפון בלבד'!D:E,2,0) -> 200013 | D42: גלבשטין שלמה יעקב | E42: שער התפלה | F42: 3500 | G42: נ | H42: קבוע
A43: 204698161 | B43: 200139 | D43: גרוסמן משה מרדכי | E43: רבנים | F43: 2000 | G43: נ | H43: קבוע
A44: 201525482 | B44: 200120 | C44: =VLOOKUP(A:A,'אלפון בלבד'!D:E,2,0) -> 200120 | D44: גרין שלמה | E44: רבנים | F44: 3500 | G44: נ | H44: קבוע
A45: 55861025 | B45: 200567 | C45: =VLOOKUP(A:A,'אלפון בלבד'!D:E,2,0) -> 200567 | D45: הומינר אהרן | E45: תמיכות | F45: 3000 | G45: נ | H45: קבוע
A46: 207142738 | B46: 202419 | D46: וינטרניץ יוסף חיים | E46: תמיכות | F46: 2000 | G46: נ | H46: קבוע
A47: 25303504 | B47: 200018 | D47: כהן מרדכי | E47: רבנים | F47: 1300 | G47: נ | H47: קבוע
A48: 23826563 | B48: 200085 | C48: =VLOOKUP(A:A,'אלפון בלבד'!D:E,2,0) -> 200341 | D48: לנדמן פנחס משה | E48: שער התפלה | F48: 2400 | G48: נ | H48: קבוע
A49: 308487594 | B49: 202203 | C49: =VLOOKUP(A:A,'אלפון בלבד'!D:E,2,0) -> 200259 | D49: נפתלי וידר | E49: תמיכות | F49: 2000 | G49: נ | H49: קבוע
A50: 25447301 | B50: 200031 | D50: פרוכטר ישראל | E50: רבנים | F50: 2500 | G50: נ | H50: קבוע
A51: 55394001 | B51: 202515 | C51: =VLOOKUP(A:A,'אלפון בלבד'!D:E,2,0) -> 200214 | D51: צביון שמשון | E51: שער התפלה | F51: 0 | G51: נ | H51: קבוע
A52: 300658689 | B52: 202160 | D52: קליין אברהם | E52: רבנים | F52: 3500 | G52: נ | H52: קבוע
A53: 483732950 | B53: 200129 | D53: רוטנברג פינחס שלום | E53: רבנים | F53: 3500 | G53: נ | H53: חד פעמי
A54: 304386161 | B54: 201556 | C54: =VLOOKUP(A:A,'אלפון בלבד'!D:E,2,0) -> 201556 | D54: רייז חיים | E54: שער התפלה | F54: 3500 | G54: נ | H54: קבוע
A55: 25748765 | B55: 201655 | C55: =VLOOKUP(A:A,'אלפון בלבד'!D:E,2,0) -> 201655 | D55: שכטר אילנה וחיים | E55: תמיכות | F55: 0 | G55: נ | H55: קבוע
A56: 302796115 | B56: 202362 | D56: בירמבויים אברהם יעקב | E56: רבנים | F56: 0 | G56: ע | H56: קבוע | L56: מתיקות התורה
A57: 33716051 | B57: 201497 | C57: =VLOOKUP(A:A,'אלפון בלבד'!D:E,2,0) -> 201497 | D57: ברגר עמנואל | E57: תמיכות | F57: 0 | G57: ע | H57: קבוע | L57: מתיקות התורה
A58: 530984554 | B58: 201944 | C58: =VLOOKUP(A:A,'אלפון בלבד'!D:E,2,0) -> 201944 | D58: ברכר יצחק | E58: תמיכות | F58: 0 | G58: ע | H58: קבוע | L58: מתיקות התורה
A59: 315771352 | B59: 200835 | C59: =VLOOKUP(A:A,'אלפון בלבד'!D:E,2,0) -> 200037 | D59: ולס שמעון | E59: שער התפלה | F59: 3500 | G59: ע | H59: קבוע | L59: תמיכה לנזקקים
A60: 78078549 | B60: 202425 | D60: כהן ארזי מכאל | E60: כולל קניין הוראה | F60: 1200 | G60: ע | H60: קבוע | I60: חודש אחרון - חודש הבא לא להעביר אוטומטי | L60: באר יעקב
A61: 206324824 | B61: 202135 | C61: =VLOOKUP(A:A,'אלפון בלבד'!D:E,2,0) -> 202135 | D61: כהן דוד | E61: תמיכות | F61: 2500 | G61: ע | H61: קבוע | L61: הוצאות משרד
A62: 204646715 | B62: 202375 | C62: =VLOOKUP(A:A,'אלפון בלבד'!D:E,2,0) -> 200314 | D62: כהן מאיר | E62: כולל קניין הוראה | F62: 3500 | G62: ע | H62: קבוע | L62: שבס
A63: 334016268 | B63: 202241 | C63: =VLOOKUP(A:A,'אלפון בלבד'!D:E,2,0) -> 200267 | D63: לויסון עקיבא | E63: כולל קניין הוראה | F63: 0 | G63: ע | H63: קבוע | L63: באר יעקב
A64: 302879129 | B64: 200210 | D64: לנדמן שלמה | E64: תמיכות | F64: 0 | G64: ע | H64: קבוע | L64: הצליחנו
A65: 316098995 | B65: 201766 | C65: =VLOOKUP(A:A,'אלפון בלבד'!D:E,2,0) -> 201766 | D65: מנחם מנדל לוינשטין | E65: שער התפלה | F65: 0 | G65: ע | H65: קבוע | L65: הוצאות משרד
A66: 206740730 | B66: 202060 | C66: =VLOOKUP(A:A,'אלפון בלבד'!D:E,2,0) -> 202060 | D66: משה קליין | E66: רבנים | F66: 3500 | G66: ע | H66: קבוע | L66: הוצאות משרד
A67: 313389108 | B67: 202242 | C67: =VLOOKUP(A:A,'אלפון בלבד'!D:E,2,0) -> 200269 | D67: נוה יוסף שלמה | E67: כולל קניין הוראה | F67: 3500 | G67: ע | H67: קבוע | I67: חודש אחרון - חודש הבא לא להעביר אוטומטי | L67: באר יעקב
A68: 207093188 | B68: 202347 | C68: =VLOOKUP(A:A,'אלפון בלבד'!D:E,2,0) -> 202347 | D68: נתן ציוני | E68: תמיכות | F68: 3500 | G68: ע | H68: קבוע | I68: חודש אחרון - חודש הבא לא להעביר אוטומטי | L68: באר יעקב
A69: 35968148 | B69: 202271 | C69: =VLOOKUP(A:A,'אלפון בלבד'!D:E,2,0) -> 202271 | D69: נתנאל רוזנשטין | E69: תמיכות | F69: 600 | G69: ע | H69: קבוע | L69: כולל בוקר
A70: 32311763 | B70: 201622 | C70: =VLOOKUP(A:A,'אלפון בלבד'!D:E,2,0) -> 201622 | D70: קולדצקי טובה | E70: תמיכות | F70: 0 | G70: ע | H70: קבוע | I70: התסיים לבקשת הרב | L70: תמיכה לנזקקים
A71: 37077674 | B71: 201135 | C71: =VLOOKUP(A:A,'אלפון בלבד'!D:E,2,0) -> 201135 | D71: קלפנר יהושוע | E71: תמיכות | F71: 750 | G71: ע | H71: קבוע | L71: תמיכה לנזקקים
A72: 66385576 | B72: 202418 | C72: =VLOOKUP(A:A,'אלפון בלבד'!D:E,2,0) -> 202418 | D72: רבינוביץ אריה מרדכי | E72: תמיכות | F72: 1000 | G72: ע | H72: קבוע | L72: מתיקות התורה
A73: 29397585 | B73: 201701 | C73: =VLOOKUP(A:A,'אלפון בלבד'!D:E,2,0) -> 201701 | D73: רייף חיים מאיר | E73: תמיכות | F73: 0 | G73: ע | H73: קבוע | L73: תמיכה לנזקקים
A74: 24138992 | B74: 200962 | C74: =VLOOKUP(A:A,'אלפון בלבד'!D:E,2,0) -> 200159 | D74: גוטפרינד שמואל | E74: שער התפלה | F74: 3500 | G74: ק | H74: קבוע
A75: 324959683 | B75: 202513 | C75: =VLOOKUP(A:A,'אלפון בלבד'!D:E,2,0) -> 200215 | D75: פורמנץ משה | E75: שער התפלה | F75: 3500 | G75: ק | H75: קבוע
A76: 36780005 | B76: 200110 | C76: =VLOOKUP(A:A,'אלפון בלבד'!D:E,2,0) -> 200025 | D76: רוזנבוים חיים מרדכי | E76: שער התפלה | F76: 2000 | G76: ק | H76: קבוע לתקופה של עד - | I76: 46266
A77: 300748878 | B77: 200239 | C77: =VLOOKUP(A:A,'אלפון בלבד'!D:E,2,0) -> 200239 | D77: רוזנבוים יוסף דוד | E77: שער התפלה | F77: 3500 | G77: ק | H77: קבוע
A78: 304927932 | B78: 200244 | C78: =VLOOKUP(A:A,'אלפון בלבד'!D:E,2,0) -> 201681 | D78: רוטנברג יהודה | E78: רבנים | F78: 3500 | G78: ק | H78: קבוע
A79: 323808386 | B79: 201877 | C79: =VLOOKUP(A:A,'אלפון בלבד'!D:E,2,0) -> 200149 | D79: שלום זאב גוטוויין | E79: שער התפילה | F79: 3500 | G79: ק | H79: קבוע
A80: 342517703 | B80: 202149 | C80: =VLOOKUP(A:A,'אלפון בלבד'!D:E,2,0) -> 202149 | D80: שלמה פומרנץ | E80: שער התפלה | F80: 3500 | G80: ק | H80: קבוע
A81: 22838114 | C81: =VLOOKUP(A:A,'אלפון בלבד'!D:E,2,0) -> 200216 | D81: אברהם מאיר פריד | E81: שער התפלה | F81: 2000 | G81: ע | H81: קבוע | L81: הצליחנו
A82: 208389692 | B82: העברה לנתמך אחד ב 2 קטגוריות | C82: =VLOOKUP(A:A,'אלפון בלבד'!D:E,2,0) -> 200064 | D82: משה אריה איזנבך | E82: שער התפלה | F82: 1100 | G82: ע | H82: קבוע | L82: הצליחנו
A83: 54201421 | B83: 202251 | C83: =VLOOKUP(A:A,'אלפון בלבד'!D:E,2,0) -> 200222 | D83: אהרון רוזנטל | E83: שער התפלה | F83: 3500 | G83: ע | H83: קבוע | L83: הצליחנו
A84: 316422658 | B84: 202489 | C84: =VLOOKUP(A:A,'אלפון בלבד'!D:E,2,0) -> 200070 | D84: מאיר זלצר | E84: שער התפלה | F84: 3600 | G84: מ | H84: קבוע | L84: אשדוד
A85: 322363144 | B85: 202132 | C85: =VLOOKUP(A:A,'אלפון בלבד'!D:E,2,0) -> 202132 | D85: שמעון בוקרצקי | E85: שער התפלה | F85: 700 | G85: ע | H85: קבוע | L85: הצליחנו
A86: 315381947 | C86: =VLOOKUP(A:A,'אלפון בלבד'!D:E,2,0) -> 200344 | D86: חריטן אריה | E86: שער התפלה | F86: 1000 | G86: ע | H86: קבוע | L86: הצליחנו
A87: 313468126 | C87: =VLOOKUP(A:A,'אלפון בלבד'!D:E,2,0) -> 200345 | D87: משה ברינר | E87: שער התפלה | F87: 2000 | G87: ע | H87: קבוע | L87: הצליחנו
A88: 40117137 | B88: 202254 | C88: =VLOOKUP(A:A,'אלפון בלבד'!D:E,2,0) -> 200227 | D88: מנחם גרינבום | E88: שער התפלה | F88: 1000 | G88: ע | H88: קבוע | L88: הצליחנו
A89: 31779861 | C89: =VLOOKUP(A:A,'אלפון בלבד'!D:E,2,0) -> 200346 | D89: יצחק גוטמן | E89: שער התפלה | F89: 2100 | G89: ע | H89: קבוע | L89: הצליחנו
A90: 15447576 | C90: =VLOOKUP(A:A,'אלפון בלבד'!D:E,2,0) -> 200145 | D90: ישראל לייפר | E90: שער התפלה | F90: 2200 | G90: ע | H90: קבוע | L90: הצליחנו
A91: 60842754 | C91: =VLOOKUP(A:A,'אלפון בלבד'!D:E,2,0) -> 200348 | D91: עמרם שלום וייס | E91: שער התפלה | F91: 2100 | G91: ע | H91: קבוע | L91: הצליחנו
A92: 204534812 | C92: =VLOOKUP(A:A,'אלפון בלבד'!D:E,2,0) -> 200351 | D92: חיים לוי | E92: תמיכות | F92: 1000 | G92: ע | H92: קבוע | L92: מתיקות התורה
A93: 324250836 | C93: =VLOOKUP(A:A,'אלפון בלבד'!D:E,2,0) -> 200352 | D93: לבין צבי הירש | E93: תמיכות | F93: 800 | G93: ע | H93: קבוע | L93: הצליחנו
A94: 322284894 | B94: 201884 | C94: =VLOOKUP(A:A,'אלפון בלבד'!D:E,2,0) -> 200343 | D94: שרה עקשטיין | E94: תמיכות | F94: 1800 | G94: ע | H94: קבוע | L94: הצליחנו
A95: 316301704 | C95: =VLOOKUP(A:A,'אלפון בלבד'!D:E,2,0) -> 200354 | D95: לוי אלחנן | E95: תמיכות | F95: 1600 | G95: ע | H95: קבוע | L95: תמיכה לנזזקים
A96: 56423635 | B96: 201437 | C96: =VLOOKUP(A:A,'אלפון בלבד'!D:E,2,0) -> 200355 | D96: שרף שלמה לייב | E96: תמיכות | F96: 2000 | G96: ע | H96: קבוע | L96: הצליחנו
A97: 203926662 | B97: 202475 | D97: בעריש דיר | E97: תמיכות | F97: 2500 | G97: מ-נ | H97: קבוע
A98: 21370861 | B98: 202249 | C98: =VLOOKUP(A:A,'אלפון בלבד'!D:E,2,0) -> 200229 | D98: גלבשטיין יעקב | E98: שער התפילה | F98: 900 | G98: ע | H98: קבוע | L98: הצליחנו
A99: 43138692 | B99: 202359 | C99: =VLOOKUP(A:A,'אלפון בלבד'!D:E,2,0) -> 202359 | D99: גרוסמן רחל | E99: שער התפילה | F99: 3100 | G99: מ | H99: קבוע
A100: 36116333 | B100: 200074 | C100: =VLOOKUP(A:A,'אלפון בלבד'!D:E,2,0) -> 200074 | D100: פתחיה רוט | E100: שער התפלה | F100: 3500 | G100: מ | H100: קבוע
...

Sheet גיליון1
A1: מ.ז | B1: שם | C1: תאור | D1: 46023 | E1: מסגרת | F1: בנק | G1: סניף | H1: חשבון
A2: 215299033 | B2: נפתלי צבי הלפרין | C2: תמיכות חד פעמי | D2: 10000 | E2: מ | F2: 10 | G2: 856 | H2: 728246‎

Sheet סיכום
C1: תוויות שורה | D1: סכום של 01/2026
C2: מ | D2: 158400
C3: מ-נ | D3: 5800
C4: נ | D4: 28200
C5: ע | D5: 60750
C6: ק | D6: 23000
C7: סכום כולל | D7: 276150

Sheet אלפון בלבד
H1: מספר זהות | I1: שם
A2: מספר תעודת זהות | B2: מספר ספק משני כולל | D2: מס.זהות/תיק מס הכנסה | E2: ספק מאורות | H2: 59218016 | I2: גלבשטיין זאב
A3: 37667557 | B3: 10033 | D3: 302884572 | E3: 200010 | H3: 303141675 | I3: גלבשטין שלמה יעקב
A4: 41936667 | B4: 1004493 | D4: 302884572 | E4: 200011 | H4: 305475071 | I4: הרש משה
B5: 1054978 | D5: 59218016 | E5: 200012 | H5: 208389692 | I5: אייזנבך משה אריה
B6: 1067636 | D6: 303141675 | E6: 200013 | H6: 316422658 | I6: זלצר מאיר
A7: 57949406 | B7: 1077808 | D7: 3693392 | E7: 200014 | H7: 36116333 | I7: הרב פתחיה רוט
A8: 557414927 | B8: 1100 | D8: 3693392 | E8: 200015 | H8: 312513278 | I8: לנדאו חנוך
B9: 1610 | D9: 203343405 | E9: 200016 | H9: 51446981 | I9: ברקוביץ שלמה יעקב
B10: 1659 | D10: 302837133 | E10: 200017 | H10: 201582716 | I10: אורלנציק דוד
A11: 201114683 | B11: 1668 | D11: 308376953 | E11: 200018 | H11: 38125431 | I11: מ. החינוך-קובלסקי אשר
A12: 32912180 | B12: 200002 | D12: 30547801 | E12: 200019 | H12: 15447576 | I12: לייפר ישראל
A13: 46115879 | B13: 200003 | D13: 305656100 | E13: 200020 | H13: 323808386 | I13: גוטוין שלום זאב
A14: 300326931 | B14: 200004 | D14: 305525222 | E14: 200021 | H14: 24138992 | I14: גוטפרינד שמואל
A15: 14316137 | B15: 200005 | D15: 308436534 | E15: 200022 | H15: 302879129 | I15: לנדמן שלמה
A16: 59703165 | B16: 200006 | D16: 204044796 | E16: 200023 | H16: 55394001 | I16: צביון שמשון
A17: 23696081 | B17: 200007 | D17: 200984540 | E17: 200024 | H17: 324959683 | I17: פורמנץ משה
A18: 22806145 | B18: 200008 | D18: 36780005 | E18: 200025 | H18: 22838114 | I18: פריד אברהם מאיר | L18: נשלח טופס
A19: 33214545 | B19: 200009 | D19: 305646986 | E19: 200026 | H19: 54201421 | I19: רוזנטל אהרון | L19: לא נשלח טופס
A20: 28608719 | B20: 200010 | D20: 204093793 | E20: 200027 | H20: 56390115 | I20: לנגנוער יהושע
A21: 27901263 | B21: 200011 | D21: 28658466 | E21: 200028 | H21: 208568253 | I21: וייץ נפתלי
A22: 22932040 | B22: 200012 | D22: 300081213 | E22: 200029 | H22: 40117137 | I22: גרינבום מנחם
A23: 32863219 | B23: 200013 | D23: 311606651 | E23: 200030 | H23: 300748878 | I23: רוזנבוים יוסף דוד
A24: 30567457 | B24: 200014 | D24: 27172808 | E24: 200031 | H24: 313519134 | I24: ערבליך משה
A25: 36052777 | B25: 200015 | D25: 62489745 | E25: 200032 | H25: 345996565 | I25: טובנפעלד יעקב
A26: 24253247 | B26: 200016 | D26: 316420074 | E26: 200033 | H26: 36780005 | I26: רוזנבוים חיים מרדכי
A27: 32428781 | B27: 200017 | D27: 301788931 | E27: 200034 | H27: 35793579 | I27: שמשון גרינולד
A28: 25303504 | B28: 200018 | D28: 21975495 | E28: 200035 | H28: 212816946 | I28: ייגר חיים
A29: 61268314 | B29: 200019 | D29: 30809837 | E29: 200036 | H29: 52819844 | I29: כהן אהרון
A30: 33192998 | B30: 200020 | D30: 315771352 | E30: 200037 | H30: 211338884 | I30: וייץ יהושע
A31: 32397804 | B31: 200021 | D31: 62857495 | E31: 200038 | H31: 316071026 | I31: שרייבר אברהם דב
... A74: 40491482 | B74: 200066 | D74: 203121207 | E74: 200089 | H74: 208803155 | I74: עמאר דניאל משה
A75: 6239024 | B75: 200067 | D75: 200331908 | E75: 200090 | H75: 211418223 | I75: משה אליהו פרנקל
A76: 33345166 | B76: 200068 | D76: 203564935 | E76: 200091 | H76: 200227387 | I76: מנדל לוריא
A77: 40852063 | B77: 200069 | D77: 204673982 | E77: 200092 | H77: 212732119 | I77: רוטשילד מאיר
A78: 40535171 | B78: 200070 | D78: 315599738 | E78: 200095 | H78: 43138692 | I78: גרוסמן רחל
A79: 22702294 | B79: 200071 | D79: 51446981 | E79: 200096 | H79: 305644973 | I79: לודמיר ישראל
A80: 33526591 | B80: 200072 | D80: 31772833 | E80: 200099 | H80: 301085338 | I80: אהרן ביכלר
A81: 40427486 | B81: 200073 | D81: 203409677 | E81: 200100 | H81: 208816017 | I81: פדר אריה
A82: 36116333 | B82: 200074 | D82: 40181216 | E82: 200101 | H82: 25303504 | I82: כהן מרדכי
A83: 56829831 | B83: 200075 | D83: 32531733 | E83: 200102 | H83: 25447301 | I83: פרוכטר ישראל ת.ז 25447301
A84: 34953729 | B84: 200076 | D84: 312576937 | E84: 200103 | H84: 23826563 | I84: לנדמן פנחס משה
A85: 57092454 | B85: 200077 | D85: 25358219 | E85: 200104 | H85: 59178939 | I85: איזנשטיין אהרון זאב
A86: 38017422 | B86: 200078 | D86: 27260116 | E86: 200105 | H86: 39713581 | I86: קובלסקי דב
A87: 22521611 | B87: 200079 | D87: 57793960 | E87: 200106 | H87: 48529265 | I87: הרבנית רבקה רוזנבום
... A131: 300750692 | B131: 200132 | D131: 38019246 | E131: 200171 | H131: 208816017 | I131: פדר אריה
B132: 200133 | D132: 201529013 | E132: 200172 | H132: 204646715 | I132: כהן מאיר
A133: 201445889 | B133: 200134 | D133: 203409826 | E133: 200173 | H133: 209351238 | I133: וובר חיים ליב
A134: 40117277 | B134: 200135 | D134: 200730299 | E134: 200174 | H134: 316071018 | I134: שרייבר אליהו
A135: 52925997 | B135: 200136 | D135: 315592949 | E135: 200175 | H135: 315383497 | I135: פרידמן יעקב
A136: 30098909 | B136: 200137 | D136: 312508641 | E136: 200179 | H136: 208803155 | I136: עמאר דניאל משה
A137: 24485831 | B137: 200138 | D137: 39697297 | E137: 200180 | H137: 50698794 | I137: גולדשטיין ישראל
A138: 204698161 | B138: 200139 | D138: 308002930 | E138: 200181 | H138: 207142738 | I138: וינטרניץ יוסף חיים
A139: 27433778 | B139: 200140 | D139: 205833767 | E139: 200182 | H139: 300247319 | I139: סירקיס חיה רחל
A140: 300540663 | B140: 200141 | D140: 305422495 | E140: 200183 | H140: 78078549 | I140: כהן ארזי מיכאל
A141: 203222625 | B141: 200142 | D141: 315517367 | E141: 200184 | H141: 326139953 | I141: בינט אביגדור
A142: 35709875 | B142: 200157 | D142: 57243313 | E142: 200185 | H142: 200956696 | I142: מנחם אליהו רייזנר
A143: 24963779 | B143: 200164 | D143: 302797642 | E143: 200186 | H143: 327869772 | I143: טברסקי סימא מירל
B144: 200167 | D144: 23887177 | E144: 200188 | H144: 213294218 | I144: הייס מנדל
A145: 9 | B145: 200171 | D145: 33778770 | E145: 200189 | H145: 57243313 | I145: קלפנר אברהם
A146: 21958088 | B146: 200176 | D146: 505418326 | E146: 200190 | H146: 203926662 | I146: בעריש דיר
A147: 304921331 | B147: 200180 | D147: 481652285 | E147: 200191 | H147: 208568253 | I147: וייץ נפתלי
A148: 50963610 | B148: 200181 | D148: 312573942 | E148: 200192 | H148: 213425028 | I148: ניילינגר חיים יוסף
A149: 42018879 | B149: 200182 | D149: 205416183 | E149: 200193 | H149: 36116333 | I149: הרב רוט פתחיה
A150: 203808520 | B150: 200184 | D150: 60935673 | E150: 200194 | H150: 38125431 | I150: מ. החינוך-קובלסקי אשר
A151: 3693392 | B151: 200185 | D151: 50613264 | E151: 200195 | H151: 201582715 | I151: מ. החינוך-אורלנצ'יק דוד
A152: 21975495 | B152: 200186 | D152: 55469688 | E152: 200196 | H152: 51446981 | I152: ברקוביץ שלמה יעקב
A153: 301148797 | B153: 200187 | D153: 323029603 | E153: 200197 | H153: 59218016 | I153: גלבשטיין זאב
A154: 32494171 | B154: 200188 | D154: 212037105 | E154: 200198 | H154: 34403725 | I154: דוד גודלבסקי
A155: 11970472 | B155: 200189 | D155: 24986150 | E155: 200199 | H155: 38504312 | I155: משמור חגי
A156: 200984540 | B156: 200190 | D156: 39328588 | E156: 200200 | H156: 308314806 | I156: טוורסקי חים משה
... A175: 56957924 | B175: 200225 | D175: 211952510 | E175: 200221 | H175: 40000564 | I175: אודסר יהודה
A176: 53622965 | B176: 200228 | D176: 54201421 | E176: 200222 | H176: 325203222 | I176: שלמה קובלסקי
A177: 238265563 | B177: 200231 | D177: 211652722 | E177: 200223 | H177: 36369775 | I177: יוסף אברהם וולף
A178: 42361485 | B178: 200232 | D178: 31939150 | E178: 200224 | H178: 325088896 | I178: רוזנברג אברהם
A179: 33526591 | B179: 200233 | D179: 208568253 | E179: 200225 | H179: 580510758 | I179: מרכז הצדקה
A180: 37822830 | B180: 200234 | D180: 315010116 | E180: 200226 | H180: 50613264 | I180: הרב שמואל בורנשטיין
A181: 300665270 | B181: 200235 | D181: 40117137 | E181: 200227 | H181: 22109235 | I181: הרב דוד בנימין בטלמן
A182: 200279487 | B182: 200236 | D182: 53622965 | E182: 200228 | H182: 62899216 | I182: ויסברג שמעון
A183: 305266553 | B183: 200237 | D183: 21370861 | E183: 200229 | H183: 313375222 | I183: וולס משה
A184: 204246177 | B184: 200238 | D184: 37822830 | E184: 200234 | H184: 25078353 | I184: עקשטיין יוסף
A185: 300081213 | B185: 200239 | D185: 321612772 | E185: 200238 | H185: 301659793 | I185: הלפרין ישראל 301659793
A186: 305525222 | B186: 200240 | D186: 300748878 | E186: 200239 | H186: 22306930 | I186: קצנלבוגן ישעיהו
A187: 59675561 | B187: 200241 | D187: 40011983 | E187: 200240 | H187: 318195971 | I187: רייזנר יואל צבי
A188: 305614133 | B188: 200242 | D188: 40724288 | E188: 200241 | H188: 24326209 | I188: פולק פנחס
... A214: 9387259 | B214: 200287 | D214: 25744301 | E214: 200270 | H214: 52819844 | I214: כהן אהרן
A215: 55929368 | B215: 200288 | D215: 206443393 | E215: 200271
A216: 1462308 | B216: 200289 | D216: 212816946 | E216: 200275
A217: 57243313 | B217: 200290 | D217: 213392293 | E217: 200278
A218: 302901475 | B218: 200291 | D218: 11709201 | E218: 200279
A219: 32724148 | B219: 200292 | D219: 52819844 | E219: 200281
A220: 308525807 | B220: 200293 | D220: 38698239 | E220: 200285
A221: 24928541 | B221: 200294 | D221: 316205590 | E221: 200286
A222: 56167182 | B222: 200295 | D222: 39700869 | E222: 200287
A223: 40921249 | B223: 200298 | D223: 55929368 | E223: 200288
A224: 201653730 | B224: 200301 | D224: 211338884 | E224: 200289
A225: 21998489 | B225: 200303 | D225: 316071026 | E225: 200290
A226: 53633897 | B226: 200305 | D226: 50324888 | E226: 200291
... A292: 32043671 | B292: 200414 | D292: 305475840 | E292: 200378
A293: 54543913 | B293: 200418 | E293: 200408
...
